Data_Venda,Produto,Categoria,Regiao,Quantidade,Preco_Unitario,Forma_Pagamento,Cliente,Faturamento
2025-01-01,Teclado,Acessórios,Sudeste,2.0,180,Cartão de Débito,CLI-0240,360.0
2025-01-01,Teclado,Acessórios,Nordeste,2.0,180,Cartão de Débito,CLI-0273,360.0
2025-01-01,Mouse,Acessórios,Sul,4.0,90,Cartão de Crédito,CLI-0025,360.0
2025-01-01,Cadeira,Móveis,Centro-Oeste,1.0,850,Cartão de Crédito,CLI-0036,850.0
2025-01-01,Mesa,Móveis,Centro-Oeste,1.0,650,Pix,CLI-0149,650.0
2025-01-02,Fone,Eletrônicos,Sul,1.0,250,Pix,CLI-0336,250.0
2025-01-03,Headset,Eletrônicos,Centro-Oeste,2.0,280,Boleto,CLI-0368,560.0
2025-01-04,Mouse,Acessórios,Sul,6.0,90,Pix,CLI-0166,540.0
2025-01-04,Notebook,Eletrônicos,Sudeste,2.0,3500,Cartão de Débito,CLI-0266,7000.0
2025-01-04,Mouse,Acessórios,Nordeste,3.0,90,Boleto,CLI-0020,270.0
2025-01-05,Headset,Eletrônicos,Nordeste,2.0,280,Boleto,CLI-0258,560.0
2025-01-05,Cadeira,Móveis,Nordeste,3.0,850,Boleto,CLI-0069,2550.0
2025-01-05,Cadeira,Móveis,Sul,3.0,850,Cartão de Crédito,CLI-0339,2550.0
2025-01-06,Mouse,Acessórios,Sudeste,2.0,90,Cartão de Crédito,CLI-0219,180.0
2025-01-06,Mochila,Acessórios,Sul,1.0,220,Cartão de Crédito,CLI-0323,220.0
2025-01-06,Mochila,Acessórios,Nordeste,5.0,220,,CLI-0025,1100.0
2025-01-07,Teclado,Acessórios,Nordeste,3.0,180,Pix,CLI-0050,540.0
2025-01-07,Mesa,Móveis,Sudeste,3.0,650,Cartão de Débito,CLI-0282,1950.0
2025-01-08,Notebook,Eletrônicos,Sul,1.0,3500,Pix,CLI-0078,3500.0
2025-01-08,Mesa,Móveis,Sudeste,2.0,650,Pix,CLI-0113,1300.0
2025-01-09,Notebook,Eletrônicos,Sudeste,1.0,3500,Pix,CLI-0116,3500.0
2025-01-10,Webcam,Eletrônicos,Sul,1.0,320,Cartão de Crédito,CLI-0341,320.0
2025-01-10,Notebook,Eletrônicos,Centro-Oeste,2.0,3500,Cartão de Débito,CLI-0073,7000.0
2025-01-11,Headset,Eletrônicos,Sudeste,1.0,280,Cartão de Débito,CLI-0129,280.0
2025-01-11,Notebook,Eletrônicos,Sudeste,3.0,3500,Pix,CLI-0092,10500.0
2025-01-11,Mouse,Acessórios,Sudeste,1.0,90,Pix,CLI-0233,90.0
2025-01-12,Notebook,Eletrônicos,Sul,2.0,3500,Cartão de Crédito,CLI-0204,7000.0
2025-01-13,Mesa,Móveis,Sudeste,1.0,650,Pix,CLI-0338,650.0
2025-01-13,Mouse,Acessórios,Nordeste,6.0,90,Cartão de Débito,CLI-0288,540.0
2025-01-14,Mesa,Móveis,Norte,1.0,65,Cartão de Débito,CLI-0304,65.0
2025-01-14,Mouse,Acessórios,Sul,2.0,90,Pix,CLI-0005,180.0
2025-01-14,Fone,Eletrônicos,Sul,6.0,250,Cartão de Crédito,CLI-0220,1500.0
2025-01-14,Webcam,Eletrônicos,Sudeste,5.0,320,Cartão de Crédito,CLI-0059,1600.0
2025-01-15,Mochila,Acessórios,Sudeste,4.0,220,Pix,CLI-0390,880.0
2025-01-15,Fone,Eletrônicos,Sudeste,1.0,250,Cartão de Crédito,CLI-0092,250.0
2025-01-15,Headset,Eletrônicos,Norte,4.0,280,Cartão de Crédito,CLI-0141,1120.0
2025-01-17,Teclado,Acessórios,Sul,4.0,180,Pix,CLI-0087,720.0
2025-01-17,Fone,Eletrônicos,Norte,2.0,250,Cartão de Crédito,CLI-0372,500.0
2025-01-18,Notebook,Eletrônicos,Sudeste,6.0,3500,Pix,CLI-0399,21000.0
2025-01-19,Monitor,Eletrônicos,Nordeste,1.0,1200,,CLI-0118,1200.0
2025-01-20,Fone,Eletrônicos,Nordeste,3.0,250,Cartão de Débito,CLI-0248,750.0
2025-01-20,Mouse,Acessórios,Sudeste,3.0,90,Cartão de Crédito,CLI-0147,270.0
2025-01-22,Teclado,Acessórios,Nordeste,4.0,180,Pix ,CLI-0390,720.0
2025-01-23,Notebook,Eletrônicos,Nordeste,1.0,3500,Boleto,CLI-0038,3500.0
2025-01-23,Mouse,Acessórios,Sudeste,2.0,90,Pix,CLI-0047,180.0
2025-01-23,Headset,Eletrônicos,Sudeste,4.0,280,Pix,CLI-0275,1120.0
2025-01-25,Mochila,Acessórios,Sul,2.0,220,Pix,CLI-0109,440.0
2025-01-25,Cadeira,Móveis,Sudeste,5.0,850,Pix,CLI-0202,4250.0
2025-01-25,Notebook,Eletrônicos,Norte,1.0,3500,Cartão de Débito,CLI-0165,3500.0
2025-01-25,Monitor,Eletrônicos,Sudeste,3.0,1200,Pix,CLI-0029,3600.0
2025-01-26,Headset,Eletrônicos,Sul,6.0,280,Cartão de Crédito,CLI-0210,1680.0
2025-01-26,Teclado,Acessórios,Sul,3.0,180,Boleto,CLI-0065,540.0
2025-01-27,Fone,Eletrônicos,Sul,3.0,250,Pix,CLI-0062,750.0
2025-01-28,Monitor,Eletrônicos,Sudeste,1.0,1200,Cartão de Crédito,CLI-0391,1200.0
2025-01-28,Webcam,Eletrônicos,Nordeste,2.0,320,Pix,CLI-0057,640.0
2025-01-29,Cadeira,Móveis,Sudeste,3.0,850,Pix,CLI-0319,2550.0
2025-01-29,Teclado,Acessórios,Sudeste,1.0,180,Boleto,CLI-0123,180.0
2025-01-29,Mochila,Acessórios,Sudeste,2.0,220,Pix,CLI-0044,440.0
2025-01-30,Monitor,Eletrônicos,Nordeste,4.0,1200,Cartão de Crédito,CLI-0141,4800.0
2025-01-31,Webcam,Eletrônicos,Sudeste,2.0,320,Pix,CLI-0084,640.0
2025-02-01,Webcam,Eletrônicos,Sul,1.0,320,Pix,CLI-0167,320.0
2025-02-03,Headset,Eletrônicos,Nordeste,2.0,280,Cartão de Crédito,CLI-0060,560.0
2025-02-03,Webcam,Eletrônicos,Nordeste,1.0,320,Cartão de Crédito,CLI-0109,320.0
2025-02-03,Mochila,Acessórios,Sudeste,2.0,220,Cartão de Crédito,CLI-0043,440.0
2025-02-03,Mouse,Acessórios,Norte,1.0,90,Cartão de Crédito,CLI-0322,90.0
2025-02-03,Webcam,Eletrônicos,Sudeste,3.0,320,Cartão de Crédito,CLI-0032,960.0
2025-02-04,Cadeira,Móveis,Sudeste,1.0,850,Cartão de Crédito,CLI-0348,850.0
2025-02-05,Headset,Eletrônicos,Norte,5.0,280,Cartão de Crédito,CLI-0309,1400.0
2025-02-05,Cadeira,Móveis,Sul,1.0,85,Pix,CLI-0312,85.0
2025-02-07,Teclado,Acessórios,Sudeste,3.0,180,Pix,CLI-0353,540.0
2025-02-07,Mochila,Acessórios,Sudeste ,1.0,220,Pix,CLI-0121,220.0
2025-02-07,Webcam,Eletrônicos,Nordeste,2.0,320,Boleto,CLI-0068,640.0
2025-02-07,Mesa,Móveis,Sudeste,4.0,650,Pix,CLI-0244,2600.0
2025-02-08,Notebook,Eletrônicos,Sudeste,1.0,3500,Cartão de Crédito,CLI-0215,3500.0
2025-02-08,Headset,Eletrônicos,Sudeste,3.0,280,Pix,CLI-0091,840.0
2025-02-08,Mochila,Acessórios,Nordeste,4.0,220,Pix,CLI-0009,880.0
2025-02-09,Mesa,Móveis,Sudeste,2.0,650,Pix,CLI-0313,1300.0
2025-02-09,Monitor,Eletrônicos,Nordeste,2.0,1200,Cartão de Débito,CLI-0367,2400.0
2025-02-10,Webcam,Eletrônicos,Nordeste,1.0,320,Cartão de Débito,CLI-0132,320.0
2025-02-11,Mesa,Móveis,Norte,3.0,650,Cartão de Crédito,CLI-0314,1950.0
2025-02-11,Teclado,Acessórios,Sudeste,1.0,180,Boleto,CLI-0059,180.0
2025-02-11,Headset,Eletrônicos,Nordeste,3.0,280,Cartão de Débito,CLI-0073,840.0
2025-02-11,Fone,Eletrônicos,Nordeste,1.0,250,Cartão de Crédito,CLI-0169,250.0
2025-02-12,Notebook,Eletrônicos,Sul,2.0,3500,Cartão de Crédito,CLI-0100,7000.0
2025-02-15,Mesa,Móveis,Norte,4.0,650,Pix,CLI-0314,2600.0
2025-02-15,Headset,Eletrônicos,Centro-Oeste,,280,Cartão de Crédito,CLI-0379,
2025-02-16,Notebook,Eletrônicos,Sudeste,1.0,3500,Pix,CLI-0022,3500.0
2025-02-16,Mesa,Móveis,Nordeste,3.0,650,Pix,CLI-0139,1950.0
2025-02-16,Fone,Eletrônicos,Centro-Oeste,2.0,250,Pix,CLI-0098,500.0
2025-02-17,Teclado,Acessórios,Sul,1.0,180,Pix,CLI-0272,180.0
2025-02-18,Headset,Eletrônicos,Sudeste,,280,Boleto,CLI-0134,
2025-02-18,Fone,Eletrônicos,Sul,2.0,250,Cartão de Crédito,CLI-0138,500.0
2025-02-20,Fone,Eletrônicos,Nordeste,5.0,250,Cartão de Crédito,CLI-0340,1250.0
2025-02-20,Monitor,Eletrônicos,Nordeste,6.0,1200,Cartão de Crédito,CLI-0241,7200.0
2025-02-20,Mochila,Acessórios,Norte,2.0,220,Cartão de Crédito,CLI-0377,440.0
2025-02-20,Webcam,Eletrônicos,Sudeste,2.0,320,Cartão de Crédito,CLI-0305,640.0
2025-02-20,Mouse,Acessórios,Nordeste,6.0,90,Cartão de Crédito,CLI-0061,540.0
2025-02-22,Webcam,Eletrônicos,Sul,,320,Cartão de Crédito,CLI-0192,
2025-02-22,Headset,Eletrônicos,Centro-Oeste,3.0,280,Cartão de Crédito,CLI-0057,840.0
2025-02-22,Fone,Eletrônicos,Nordeste,3.0,250,Pix,CLI-0374,750.0
2025-02-23,Mouse,Acessórios,Centro-Oeste,4.0,90,Boleto,CLI-0325,360.0
2025-02-23,Webcam,Eletrônicos,Sudeste,5.0,320,Cartão de Crédito,CLI-0153,1600.0
2025-02-24,Webcam,Eletrônicos,Sudeste,4.0,320,Cartão de Crédito,CLI-0048,1280.0
2025-02-24,Notebook,Eletrônicos,Sudeste,2.0,3500,Pix,CLI-0354,7000.0
2025-02-24,Monitor,Eletrônicos,Sudeste,2.0,1200,Cartão de Débito,CLI-0177,2400.0
2025-02-25,Mochila,Acessórios,Nordeste,1.0,220,Pix,CLI-0007,220.0
2025-02-25,Webcam,Eletrônicos,Sudeste,2.0,320,Boleto,CLI-0390,640.0
2025-02-28,Webcam,Eletrônicos,Nordeste,2.0,320,Boleto,CLI-0006,640.0
2025-03-01,Notebook,Eletrônicos,Centro-Oeste,2.0,3500,Pix,CLI-0041,7000.0
2025-03-02,Notebook,Eletrônicos,Nordeste,1.0,3500,Cartão de Crédito,CLI-0339,3500.0
2025-03-02,Mesa,Móveis,Sul,1.0,650,Cartão de Crédito,CLI-0083,650.0
2025-03-03,Mochila,Acessórios,Sudeste,1.0,220,Pix,CLI-0233,220.0
2025-03-03,Teclado,Acessórios,Sudeste,1.0,180,Cartão de Crédito,CLI-0296,180.0
2025-03-04,Notebook,Eletrônicos,Nordeste,2.0,3500,Cartão de Débito,CLI-0164,7000.0
2025-03-04,Mouse,Acessórios,Sudeste,2.0,90,Pix,CLI-0137,180.0
2025-03-04,Mochila,Acessórios,Sul,3.0,220,Cartão de Crédito,CLI-0045,660.0
2025-03-04,Headset,Eletrônicos,Nordeste,5.0,280,Pix,CLI-0126,1400.0
2025-03-05,Monitor,Eletrônicos,Nordeste,3.0,1200,Cartão de Crédito,CLI-0357,3600.0
2025-03-07,Mouse,Acessórios,Nordeste,1.0,90,Pix,CLI-0383,90.0
2025-03-08,Mochila,Acessórios,Norte,2.0,220,Pix,CLI-0314,440.0
2025-03-08,Webcam,Eletrônicos,Sudeste,3.0,320,Pix,CLI-0179,960.0
2025-03-08,Notebook,Eletrônicos,Sudeste,2.0,3500,Cartão de Crédito,CLI-0057,7000.0
2025-03-09,Notebook,Eletrônicos,Sudeste ,3.0,3500,Boleto,CLI-0361,10500.0
2025-03-10,Headset,Eletrônicos,Centro-Oeste,5.0,280,Cartão de Crédito,CLI-0324,1400.0
2025-03-10,Mesa,Móveis,Nordeste,1.0,650,Boleto,CLI-0271,650.0
2025-03-10,Webcam,Eletrônicos,Sudeste,1.0,320,Cartão de Crédito,CLI-0175,320.0
2025-03-11,Teclado,Acessórios,Sudeste,4.0,180,Pix,CLI-0280,720.0
2025-03-13,Teclado,Acessórios,Sul,1.0,180,Pix,CLI-0254,180.0
2025-03-14,Headset,Eletrônicos,Sul,4.0,280,Cartão de Crédito,CLI-0151,1120.0
2025-03-16,Mouse,Acessórios,Nordeste,3.0,90,Cartão de Crédito,CLI-0283,270.0
2025-03-16,Notebook,Eletrônicos,Nordeste,2.0,3500,Cartão de Débito,CLI-0003,7000.0
2025-03-16,Mochila,Acessórios,Sudeste,5.0,220,Cartão de Crédito,CLI-0088,1100.0
2025-03-16,Notebook,Eletrônicos,Nordeste,2.0,3500,Cartão de Crédito,CLI-0039,7000.0
2025-03-17,Notebook,Eletrônicos,Norte,2.0,3500,Pix,CLI-0248,7000.0
2025-03-17,Cadeira,Móveis,Sudeste,2.0,850,Pix,CLI-0107,1700.0
2025-03-19,Fone,Eletrônicos,Sudeste,1.0,250,Pix,CLI-0152,250.0
2025-03-19,Cadeira,Móveis,Centro-Oeste,1.0,850,Boleto,CLI-0171,850.0
2025-03-19,Mochila,Acessórios,Nordeste,1.0,220,Cartão de Crédito,CLI-0089,220.0
2025-03-19,Teclado,Acessórios,Nordeste,2.0,180,Cartão de Crédito,CLI-0334,360.0
2025-03-19,Fone,Eletrônicos,Sudeste,2.0,250,Boleto,CLI-0310,500.0
2025-03-19,Notebook,Eletrônicos,Nordeste,3.0,3500,Cartão de Crédito,CLI-0290,10500.0
2025-03-22,Monitor,Eletrônicos,Sudeste,3.0,1200,Cartão de Crédito,CLI-0194,3600.0
2025-03-22,Mochila,Acessórios,Sudeste,2.0,220,Cartão de Crédito,CLI-0308,440.0
2025-03-23,Teclado,Acessórios,Norte,3.0,180,Boleto,CLI-0086,540.0
2025-03-24,Mesa,Móveis,Norte,4.0,650,Pix,CLI-0016,2600.0
2025-03-24,Mesa,Móveis,Sudeste,1.0,650,Cartão de Crédito,CLI-0318,650.0
2025-03-25,Mochila,Acessórios,Sudeste,4.0,220,Cartão de Débito,CLI-0166,880.0
2025-03-25,Headset,Eletrônicos,Norte,2.0,280,Cartão de Débito,CLI-0018,560.0
2025-03-26,Monitor,Eletrônicos,Nordeste,2.0,1200,Cartão de Crédito,CLI-0156,2400.0
2025-03-26,Monitor,Eletrônicos,Sudeste,1.0,1200,Pix,CLI-0213,1200.0
2025-03-27,Mesa,Móveis,Sudeste ,1.0,650,Cartão de Débito,CLI-0056,650.0
2025-03-27,Fone,Eletrônicos,Sudeste,3.0,250,Cartão de Débito,CLI-0128,750.0
2025-03-28,Fone,Eletrônicos,Nordeste,3.0,250,Pix,CLI-0096,750.0
2025-03-28,Mouse,Acessórios,Sudeste,1.0,90,Pix,CLI-0205,90.0
2025-03-29,Headset,Eletrônicos,Sudeste,2.0,280,Cartão de Débito,CLI-0017,560.0
2025-03-30,Headset,Eletrônicos,Nordeste,3.0,280,Cartão de Crédito,CLI-0161,840.0
2025-03-30,Webcam,Eletrônicos,Sudeste,2.0,320,Boleto,CLI-0061,640.0
2025-03-31,Monitor,Eletrônicos,Nordeste,1.0,1200,Cartão de Débito,CLI-0035,1200.0
2025-03-31,Teclado,Acessórios,Centro-Oeste,3.0,180,Cartão de Débito,CLI-0284,540.0
2025-04-02,Teclado,Acessórios,Centro-Oeste,1.0,180,Pix,CLI-0193,180.0
2025-04-02,Cadeira,Móveis,Centro-Oeste,2.0,850,Cartão de Débito,CLI-0153,1700.0
2025-04-02,Cadeira,Móveis,Sudeste,2.0,850,Pix,CLI-0309,1700.0
2025-04-03,Fone,Eletrônicos,Nordeste,6.0,250,Pix,CLI-0216,1500.0
2025-04-04,Cadeira,Móveis,Sudeste,5.0,850,Pix,CLI-0326,4250.0
2025-04-04,Mesa,Móveis,Sudeste,2.0,650,Pix,CLI-0341,1300.0
2025-04-05,Mouse,Acessórios,Centro-Oeste,3.0,90,Cartão de Crédito,CLI-0214,270.0
2025-04-05,Fone,Eletrônicos,Sul,3.0,250,Boleto,CLI-0157,750.0
2025-04-05,Mesa,Móveis,Sudeste,1.0,650,Pix,CLI-0127,650.0
2025-04-05,Headset,Eletrônicos,Nordeste,3.0,280,Pix,CLI-0255,840.0
2025-04-05,Teclado,Acessórios,Sudeste,3.0,180,Pix,CLI-0372,540.0
2025-04-06,Mochila,Acessórios,Sul,4.0,220,Pix,CLI-0062,880.0
2025-04-07,Mochila,Acessórios,Sudeste,4.0,220,Cartão de Crédito,CLI-0103,880.0
2025-04-07,Mochila,Acessórios,Sudeste,1.0,220,Cartão de Crédito,CLI-0182,220.0
2025-04-08,Mesa,Móveis,Sudeste,4.0,650,Pix,CLI-0124,2600.0
2025-04-08,Webcam,Eletrônicos,Sudeste,3.0,320,Cartão de Crédito,CLI-0221,960.0
2025-04-08,Mochila,Acessórios,Centro-Oeste,3.0,220,Cartão de Crédito,CLI-0306,660.0
2025-04-08,Mouse,Acessórios,Sul,4.0,90,Cartão de Débito,CLI-0001,360.0
2025-04-09,Fone,Eletrônicos,,1.0,250,Cartão de Crédito,CLI-0190,250.0
2025-04-11,Cadeira,Móveis,Norte,2.0,850,Cartão de Crédito,CLI-0302,1700.0
2025-04-11,Notebook,Eletrônicos,Sudeste,3.0,3500,Cartão de Crédito,CLI-0370,10500.0
2025-04-11,Cadeira,Móveis,Sudeste,5.0,850,Pix,CLI-0082,4250.0
2025-04-13,Fone,Eletrônicos,Sul,1.0,250,Cartão de Crédito,CLI-0194,250.0
2025-04-14,Mochila,Acessórios,Nordeste,2.0,220,Cartão de Crédito,CLI-0083,440.0
2025-04-14,Mochila,Acessórios,Norte,3.0,220,Cartão de Débito,CLI-0376,660.0
2025-04-14,Monitor,Eletrônicos,Norte,2.0,1200,Pix,CLI-0094,2400.0
2025-04-14,Fone,Eletrônicos,Nordeste,1.0,250,Cartão de Débito,CLI-0109,250.0
2025-04-14,Headset,Eletrônicos,Sul,1.0,280,Pix,CLI-0321,280.0
2025-04-15,Mouse,Acessórios,Sudeste,2.0,90,Pix,CLI-0030,180.0
2025-04-16,Webcam,Eletrônicos,Nordeste,1.0,320,Pix,CLI-0023,320.0
2025-04-16,Mouse,Acessórios,Sudeste,4.0,90,Cartão de Crédito,CLI-0262,360.0
2025-04-17,Mouse,Acessórios,Nordeste,1.0,90,Cartão de Crédito,CLI-0375,90.0
2025-04-19,Monitor,Eletrônicos,Sudeste,2.0,1200,Cartão de Crédito,CLI-0218,2400.0
2025-04-19,Mouse,Acessórios,Nordeste,5.0,90,Cartão de Crédito,CLI-0234,450.0
2025-04-20,Headset,Eletrônicos,Sudeste,1.0,280,Cartão de Crédito,CLI-0055,280.0
2025-04-21,Fone,Eletrônicos,Centro-Oeste,1.0,250,Pix,CLI-0019,250.0
2025-04-21,Mochila,Acessórios,Sul,1.0,220,Cartão de Crédito,CLI-0017,220.0
2025-04-21,Headset,Eletrônicos,Nordeste,3.0,280,Cartão de Crédito,CLI-0157,840.0
2025-04-21,Webcam,Eletrônicos,Nordeste,1.0,320,Cartão de Débito,CLI-0107,320.0
2025-04-21,Mochila,Acessórios,Sudeste,3.0,220,Boleto,CLI-0006,660.0
2025-04-21,Notebook,Eletrônicos,Sul,5.0,3500,Cartão de Crédito,CLI-0084,17500.0
2025-04-21,Fone,Eletrônicos,Sul,2.0,250,Cartão de Débito,CLI-0352,500.0
2025-04-22,Teclado,Acessórios,Sudeste,2.0,180,Cartão de Débito,CLI-0074,360.0
2025-04-22,Monitor,Eletrônicos,Nordeste,3.0,1200,Cartão de Crédito,CLI-0321,3600.0
2025-04-22,Monitor,Eletrônicos,Sudeste,3.0,1200,Cartão de Crédito,CLI-0120,3600.0
2025-04-23,Notebook,Eletrônicos,,2.0,3500,Boleto,CLI-0383,7000.0
2025-04-23,Notebook,Eletrônicos,Sul,3.0,3500,Pix,CLI-0137,10500.0
2025-04-23,Mouse,Acessórios,Sudeste,1.0,90,Boleto,CLI-0012,90.0
2025-04-23,Mouse,Acessórios,Sul,4.0,90,Cartão de Crédito,CLI-0278,360.0
2025-04-24,Mochila,Acessórios,Norte,1.0,220,Boleto,CLI-0175,220.0
2025-04-25,Monitor,Eletrônicos,Nordeste,5.0,1200,Boleto,CLI-0256,6000.0
2025-04-25,Notebook,Eletrônicos,Norte,2.0,3500,Cartão de Crédito,CLI-0292,7000.0
2025-04-27,Headset,Eletrônicos,Centro-Oeste,1.0,280,Boleto,CLI-0347,280.0
2025-04-27,Notebook,Eletrônicos,Sudeste,4.0,3500,Cartão de Débito,CLI-0369,14000.0
2025-04-28,Mesa,Móveis,Sudeste,2.0,650,Cartão de Crédito,CLI-0188,1300.0
2025-04-28,Cadeira,Móveis,Nordeste,4.0,850,Boleto,CLI-0048,3400.0
2025-04-28,Cadeira,Móveis,Sudeste,2.0,850,Cartão de Crédito,CLI-0273,1700.0
2025-04-28,Mochila,Acessórios,Sudeste,2.0,220,Pix,CLI-0289,440.0
2025-04-28,Fone,Eletrônicos,Sudeste,6.0,250,Cartão de Crédito,CLI-0079,1500.0
2025-04-29,Mochila,Acessórios,Sudeste,3.0,220,,CLI-0182,660.0
2025-04-29,Webcam,Eletrônicos,Nordeste,3.0,320,Pix,CLI-0339,960.0
2025-04-30,Mochila,Acessórios,Nordeste,4.0,220,Boleto,CLI-0251,880.0
2025-04-30,Fone,Eletrônicos,Sudeste,3.0,250,Boleto,CLI-0022,750.0
2025-05-01,Mouse,Acessórios,Nordeste,2.0,90,Boleto,CLI-0371,180.0
2025-05-02,Mochila,Acessórios,Nordeste,1.0,220,Cartão de Débito,CLI-0390,220.0
2025-05-02,Teclado,Acessórios,Nordeste,1.0,180,Cartão de Crédito,CLI-0250,180.0
2025-05-03,Mesa,Móveis,Sul,2.0,650,Cartão de Crédito,CLI-0058,1300.0
2025-05-05,Headset,Eletrônicos,Sudeste,4.0,280,Cartão de Crédito,CLI-0038,1120.0
2025-05-06,Webcam,Eletrônicos,,5.0,320,Cartão de Crédito,CLI-0337,1600.0
2025-05-06,Notebook,Eletrônicos,Nordeste,1.0,3500,Cartão de Crédito,CLI-0310,3500.0
2025-05-07,Mesa,Móveis,Sudeste,3.0,650,Cartão de Crédito,CLI-0234,1950.0
2025-05-07,Notebook,Eletrônicos,Sudeste,1.0,3500,Cartão de Crédito,CLI-0140,3500.0
2025-05-08,Notebook,Eletrônicos,Sudeste,2.0,3500,Cartão de Crédito,CLI-0239,7000.0
2025-05-08,Notebook,Eletrônicos,Norte,1.0,3500,Cartão de Crédito,CLI-0076,3500.0
2025-05-08,Mesa,Móveis,Sudeste,3.0,650,Boleto,CLI-0320,1950.0
2025-05-10,Fone,Eletrônicos,Sudeste,2.0,250,Cartão de Débito,CLI-0176,500.0
2025-05-10,Teclado,Acessórios,Sul,1.0,180,Pix,CLI-0368,180.0
2025-05-10,Fone,Eletrônicos,Sudeste,3.0,250,Pix,CLI-0260,750.0
2025-05-11,Webcam,Eletrônicos,Centro-Oeste,2.0,320,Cartão de Crédito,CLI-0246,640.0
2025-05-12,Webcam,Eletrônicos,Sudeste,4.0,320,Cartão de Crédito,CLI-0330,1280.0
2025-05-12,Monitor,Eletrônicos,Sudeste,2.0,1200,Pix,CLI-0203,2400.0
2025-05-13,Webcam,Eletrônicos,Norte,3.0,320,Pix,CLI-0245,960.0
2025-05-13,Mochila,Acessórios,Sudeste,1.0,220,Cartão de Débito,CLI-0185,220.0
2025-05-13,Cadeira,Móveis,Nordeste,3.0,850,Boleto,CLI-0320,2550.0
2025-05-13,Fone,Eletrônicos,Nordeste,1.0,250,Cartão de Crédito,CLI-0266,250.0
2025-05-13,Headset,Eletrônicos,Centro-Oeste,3.0,280,Cartão de Crédito,CLI-0140,840.0
2025-05-14,Cadeira,Móveis,Centro-Oeste,1.0,850,Cartão de Crédito,CLI-0393,850.0
2025-05-14,Monitor,Eletrônicos,Sul,5.0,1200,Cartão de Crédito,CLI-0264,6000.0
2025-05-14,Webcam,Eletrônicos,Sudeste,2.0,320,Cartão de Crédito,CLI-0385,640.0
2025-05-14,Notebook,Eletrônicos,Norte,4.0,3500,Cartão de Crédito,CLI-0352,14000.0
2025-05-16,Cadeira,Móveis,Sudeste,2.0,850,Cartão de Débito,CLI-0354,1700.0
2025-05-17,Fone,Eletrônicos,Nordeste,5.0,250,Cartão de Crédito,CLI-0041,1250.0
2025-05-17,Headset,Eletrônicos,Nordeste,2.0,280,Boleto,CLI-0295,560.0
2025-05-17,Notebook,Eletrônicos,Sudeste,2.0,3500,Pix,CLI-0073,7000.0
2025-05-18,Notebook,Eletrônicos,Centro-Oeste,1.0,3500,Pix,CLI-0046,3500.0
2025-05-18,Cadeira,Móveis,Sudeste,1.0,850,Cartão de Débito,CLI-0337,850.0
2025-05-19,Monitor,Eletrônicos,Centro-Oeste,2.0,1200,Boleto,CLI-0305,2400.0
2025-05-20,Mesa,Móveis,Nordeste,1.0,650,Pix,CLI-0356,650.0
2025-05-21,Webcam,Eletrônicos,Sul,4.0,320,Cartão de Crédito,CLI-0242,1280.0
2025-05-21,Webcam,Eletrônicos,Sul,4.0,320,Cartão de Débito,CLI-0234,1280.0
2025-05-22,Webcam,Eletrônicos,Sudeste,2.0,320,Pix,CLI-0369,640.0
2025-05-23,Fone,Eletrônicos,Nordeste,2.0,250,Pix,CLI-0319,500.0
2025-05-24,Mouse,Acessórios,Sudeste,5.0,90,Boleto,CLI-0147,450.0
2025-05-25,Webcam,Eletrônicos,Sudeste,2.0,320,Pix,CLI-0174,640.0
2025-05-25,Cadeira,Móveis,Sudeste,5.0,850,Pix,CLI-0022,4250.0
2025-05-25,Monitor,Eletrônicos,Sudeste,1.0,1200,Pix,CLI-0280,1200.0
2025-05-26,Cadeira,Móveis,Sudeste,3.0,850,Pix,CLI-0062,2550.0
2025-05-26,Cadeira,Móveis,Centro-Oeste,1.0,850,Cartão de Crédito,CLI-0206,850.0
2025-05-27,Headset,Eletrônicos,Norte,6.0,280,Cartão de Débito,CLI-0073,1680.0
2025-05-28,Webcam,Eletrônicos,Nordeste,4.0,320,Boleto,CLI-0246,1280.0
2025-05-28,Mochila,Acessórios,Sudeste,,220,Pix,CLI-0207,
2025-05-29,Mouse,Acessórios,Sudeste,1.0,90,Cartão de Débito,CLI-0362,90.0
2025-05-29,Fone,Eletrônicos,Nordeste,2.0,250,Pix,CLI-0029,500.0
2025-05-30,Mouse,Acessórios,Sudeste,2.0,90,Boleto,CLI-0208,180.0
2025-05-30,Notebook,Eletrônicos,Centro-Oeste,1.0,3500,Cartão de Débito,CLI-0247,3500.0
2025-05-31,Webcam,Eletrônicos,Norte,,320,Pix,CLI-0310,
2025-05-31,Notebook,Eletrônicos,Sudeste,3.0,3500,Boleto,CLI-0369,10500.0
2025-06-01,Mochila,Acessórios,Sudeste,1.0,220,Cartão de Crédito,CLI-0230,220.0
2025-06-01,Notebook,Eletrônicos,Sudeste,2.0,3500,Cartão de Débito,CLI-0239,7000.0
2025-06-02,Notebook,Eletrônicos,Nordeste,1.0,3500,Cartão de Crédito,CLI-0077,3500.0
2025-06-02,Fone,Eletrônicos,Sudeste,2.0,250,,CLI-0122,500.0
2025-06-03,Teclado,Acessórios,Nordeste,4.0,180,Pix,CLI-0221,720.0
2025-06-03,Mouse,Acessórios,Sul,4.0,90,Pix,CLI-0139,360.0
2025-06-03,Headset,Eletrônicos,Sudeste,1.0,280,Cartão de Crédito,CLI-0104,280.0
2025-06-03,Fone,Eletrônicos,Centro-Oeste,3.0,250,Cartão de Débito,CLI-0213,750.0
2025-06-03,Fone,Eletrônicos,Sul,4.0,250,Cartão de Débito,CLI-0376,1000.0
2025-06-04,Webcam,Eletrônicos,Nordeste,3.0,320,Cartão de Crédito,CLI-0388,960.0
2025-06-05,Fone,Eletrônicos,Sudeste,2.0,250,Pix,CLI-0085,500.0
2025-06-06,Fone,Eletrônicos,Centro-Oeste,,250,Pix,CLI-0284,
2025-06-06,Mouse,Acessórios,Sul,2.0,90,Pix,CLI-0345,180.0
2025-06-06,Cadeira,Móveis,Nordeste,3.0,850,Boleto,CLI-0018,2550.0
2025-06-06,Mouse,Acessórios,Norte,3.0,90,Cartão de Débito,CLI-0150,270.0
2025-06-07,Mouse,Acessórios,Nordeste,5.0,90,Cartão de Débito,CLI-0136,450.0
2025-06-07,Fone,Eletrônicos,Sudeste,3.0,250,Pix,CLI-0247,750.0
2025-06-08,Mouse,Acessórios,Sudeste,4.0,90,Cartão de Crédito,CLI-0168,360.0
2025-06-09,Monitor,Eletrônicos,Nordeste,1.0,1200,Cartão de Débito,CLI-0315,1200.0
2025-06-10,Webcam,Eletrônicos,Norte,3.0,320,Pix,CLI-0385,960.0
2025-06-10,Headset,Eletrônicos,Sul,2.0,280,Cartão de Crédito,CLI-0025,560.0
2025-06-10,Teclado,Acessórios,Norte,1.0,180,Pix,CLI-0046,180.0
2025-06-11,Notebook,Eletrônicos,Sudeste,3.0,3500,Pix,CLI-0239,10500.0
2025-06-11,Teclado,Acessórios,Nordeste,1.0,180,Pix ,CLI-0214,180.0
2025-06-13,Monitor,Eletrônicos,Sudeste,4.0,1200,Cartão de Débito,CLI-0265,4800.0
2025-06-14,Webcam,Eletrônicos,Centro-Oeste,1.0,320,Boleto,CLI-0387,320.0
2025-06-14,Mesa,Móveis,Sudeste,3.0,650,Pix,CLI-0331,1950.0
2025-06-14,Mouse,Acessórios,Nordeste,1.0,90,Cartão de Crédito,CLI-0366,90.0
2025-06-14,Fone,Eletrônicos,Sudeste,2.0,250,Cartão de Crédito,CLI-0228,500.0
2025-06-15,Monitor,Eletrônicos,Sudeste,6.0,1200,Pix ,CLI-0169,7200.0
2025-06-15,Webcam,Eletrônicos,Centro-Oeste,3.0,320,Pix,CLI-0019,960.0
2025-06-17,Fone,Eletrônicos,Sul,1.0,250,Cartão de Crédito,CLI-0262,250.0
2025-06-17,Mouse,Acessórios,Sudeste,1.0,90,Cartão de Débito,CLI-0159,90.0
2025-06-19,Fone,Eletrônicos,Centro-Oeste,2.0,250,Pix,CLI-0283,500.0
2025-06-20,Mesa,Móveis,Sudeste,1.0,650,Pix,CLI-0069,650.0
2025-06-21,Cadeira,Móveis,Sul,3.0,850,Cartão de Débito,CLI-0106,2550.0
2025-06-22,Cadeira,Móveis,Sudeste,4.0,850,Pix,CLI-0136,3400.0
2025-06-22,Teclado,Acessórios,Centro-Oeste,3.0,180,Pix,CLI-0083,540.0
2025-06-22,Mochila,Acessórios,Sudeste ,1.0,220,Cartão de Crédito,CLI-0205,220.0
2025-06-24,Mochila,Acessórios,Nordeste,1.0,220,Cartão de Crédito,CLI-0072,220.0
2025-06-26,Monitor,Eletrônicos,Sul,2.0,1200,Pix,CLI-0372,2400.0
2025-06-26,Teclado,Acessórios,Sudeste,3.0,180,Cartão de Crédito,CLI-0150,540.0
2025-06-27,Mouse,Acessórios,Sudeste,1.0,90,Cartão de Débito,CLI-0138,90.0
2025-06-27,Webcam,Eletrônicos,Sudeste,1.0,320,Pix,CLI-0320,320.0
2025-06-28,Fone,Eletrônicos,Sudeste,2.0,250,Pix,CLI-0209,500.0
2025-06-28,Cadeira,Móveis,Sul,2.0,850,Pix,CLI-0214,1700.0
2025-06-28,Monitor,Eletrônicos,Nordeste,2.0,1200,Cartão de Débito,CLI-0338,2400.0
2025-06-29,Fone,Eletrônicos,Nordeste,4.0,250,Cartão de Crédito,CLI-0087,1000.0
2025-06-29,Webcam,Eletrônicos,,4.0,320,Pix,CLI-0331,1280.0
2025-06-29,Monitor,Eletrônicos,Sudeste,3.0,1200,Pix,CLI-0177,3600.0
2025-06-30,Fone,Eletrônicos,Norte,4.0,250,Cartão de Crédito,CLI-0355,1000.0
2025-07-01,Headset,Eletrônicos,Sudeste,1.0,280,Cartão de Débito,CLI-0207,280.0
2025-07-01,Teclado,Acessórios,Nordeste,3.0,180,Boleto,CLI-0285,540.0
2025-07-01,Headset,Eletrônicos,Nordeste,4.0,280,Boleto,CLI-0352,1120.0
2025-07-02,Fone,Eletrônicos,Centro-Oeste,1.0,250,Pix,CLI-0339,250.0
2025-07-03,Notebook,Eletrônicos,Sul,1.0,3500,Cartão de Débito,CLI-0335,3500.0
2025-07-03,Monitor,Eletrônicos,Sudeste,2.0,1200,Pix,CLI-0063,2400.0
2025-07-03,Headset,Eletrônicos,Sudeste,4.0,280,Pix,CLI-0289,1120.0
2025-07-06,Cadeira,Móveis,Nordeste,3.0,850,Pix,CLI-0220,2550.0
2025-07-06,Cadeira,Móveis,Sudeste,4.0,850,,CLI-0033,3400.0
2025-07-07,Mesa,Móveis,Sul,2.0,650,Cartão de Crédito,CLI-0093,1300.0
2025-07-08,Cadeira,Móveis,Sudeste,1.0,850,Pix,CLI-0235,850.0
2025-07-09,Mouse,Acessórios,Sudeste,2.0,90,Boleto,CLI-0201,180.0
2025-07-11,Teclado,Acessórios,Norte,4.0,180,Cartão de Crédito,CLI-0104,720.0
2025-07-11,Mouse,Acessórios,Sudeste,3.0,90,Cartão de Crédito,CLI-0084,270.0
2025-07-12,Monitor,Eletrônicos,Nordeste,3.0,1200,Pix,CLI-0314,3600.0
2025-07-13,Webcam,Eletrônicos,Sudeste,3.0,320,Boleto,CLI-0100,960.0
2025-07-13,Cadeira,Móveis,Sudeste,4.0,850,Cartão de Crédito,CLI-0363,3400.0
2025-07-14,Mochila,Acessórios,Nordeste,1.0,220,Pix,CLI-0247,220.0
2025-07-14,Headset,Eletrônicos,Centro-Oeste,1.0,280,Cartão de Crédito,CLI-0162,280.0
2025-07-14,Mochila,Acessórios,Nordeste,1.0,220,Cartão de Débito,CLI-0206,220.0
2025-07-15,Mochila,Acessórios,Norte,1.0,220,Pix,CLI-0338,220.0
2025-07-16,Mesa,Móveis,Nordeste,4.0,650,Pix,CLI-0118,2600.0
2025-07-16,Headset,Eletrônicos,Norte,1.0,280,Boleto,CLI-0112,280.0
2025-07-17,Headset,Eletrônicos,Nordeste,5.0,280,Cartão de Débito,CLI-0124,1400.0
2025-07-17,Headset,Eletrônicos,Sul,4.0,280,Cartão de Crédito,CLI-0141,1120.0
2025-07-17,Teclado,Acessórios,Sudeste,6.0,180,Pix,CLI-0238,1080.0
2025-07-19,Cadeira,Móveis,Sul,1.0,850,Cartão de Crédito,CLI-0102,850.0
2025-07-20,Cadeira,Móveis,Sudeste,2.0,850,Pix,CLI-0322,1700.0
2025-07-21,Teclado,Acessórios,Norte,1.0,180,Pix,CLI-0336,180.0
2025-07-21,Headset,Eletrônicos,Sudeste,1.0,280,Cartão de Crédito,CLI-0224,280.0
2025-07-21,Teclado,Acessórios,Nordeste,3.0,180,Cartão de Crédito,CLI-0039,540.0
2025-07-21,Teclado,Acessórios,Sudeste,2.0,180,Pix,CLI-0079,360.0
2025-07-22,Teclado,Acessórios,Nordeste,4.0,180,Cartão de Débito,CLI-0258,720.0
2025-07-24,Mochila,Acessórios,Norte,2.0,220,Pix,CLI-0065,440.0
2025-07-26,Mochila,Acessórios,Nordeste,1.0,220,Cartão de Crédito,CLI-0389,220.0
2025-07-26,Headset,Eletrônicos,Norte,2.0,280,Cartão de Débito,CLI-0051,560.0
2025-07-28,Webcam,Eletrônicos,Sudeste,2.0,320,Cartão de Crédito,CLI-0335,640.0
2025-07-28,Webcam,Eletrônicos,Sudeste,4.0,320,Pix,CLI-0360,1280.0
2025-07-29,Fone,Eletrônicos,Norte,2.0,250,Cartão de Crédito,CLI-0118,500.0
2025-07-29,Cadeira,Móveis,Nordeste,3.0,850,Pix,CLI-0303,2550.0
2025-07-30,Headset,Eletrônicos,Sudeste,5.0,280,Cartão de Crédito,CLI-0011,1400.0
2025-07-31,Mouse,Acessórios,Sudeste,1.0,90,Cartão de Crédito,CLI-0048,90.0
2025-07-31,Mochila,Acessórios,Sul,1.0,220,Pix,CLI-0319,220.0
2025-08-01,Notebook,Eletrônicos,Sudeste,4.0,3500,Pix,CLI-0225,14000.0
2025-08-02,Webcam,Eletrônicos,Nordeste,3.0,320,Cartão de Crédito,CLI-0097,960.0
2025-08-02,Cadeira,Móveis,Nordeste,1.0,850,Cartão de Crédito,CLI-0344,850.0
2025-08-02,Mouse,Acessórios,Nordeste,2.0,90,Pix,CLI-0313,180.0
2025-08-03,Mouse,Acessórios,Sudeste,,90,Cartão de Crédito,CLI-0028,
2025-08-03,Mochila,Acessórios,Sul,1.0,220,Cartão de Crédito,CLI-0204,220.0
2025-08-03,Monitor,Eletrônicos,Centro-Oeste,,1200,Cartão de Crédito,CLI-0323,
2025-08-04,Mochila,Acessórios,,2.0,220,Pix,CLI-0069,440.0
2025-08-04,Cadeira,Móveis,Sul,2.0,850,Pix,CLI-0037,1700.0
2025-08-06,Mesa,Móveis,Sudeste,2.0,650,Pix,CLI-0021,1300.0
2025-08-06,Webcam,Eletrônicos,Sul,2.0,320,Cartão de Débito,CLI-0148,640.0
2025-08-07,Webcam,Eletrônicos,Centro-Oeste,1.0,320,Cartão de Débito,CLI-0348,320.0
2025-08-08,Webcam,Eletrônicos,Sudeste,4.0,320,Boleto,CLI-0207,1280.0
2025-08-10,Mesa,Móveis,Sudeste,1.0,650,Pix,CLI-0181,650.0
2025-08-10,Monitor,Eletrônicos,Sudeste,2.0,1200,Cartão de Crédito,CLI-0357,2400.0
2025-08-10,Mochila,Acessórios,Sul,2.0,220,Cartão de Crédito,CLI-0289,440.0
2025-08-11,Teclado,Acessórios,Sul,1.0,180,Cartão de Crédito,CLI-0290,180.0
2025-08-11,Headset,Eletrônicos,Sudeste,2.0,280,Pix,CLI-0029,560.0
2025-08-12,Teclado,Acessórios,Sudeste,2.0,180,Cartão de Débito,CLI-0185,360.0
2025-08-12,Cadeira,Móveis,Sudeste,3.0,850,Pix,CLI-0201,2550.0
2025-08-13,Mesa,Móveis,Sudeste,2.0,650,Pix,CLI-0387,1300.0
2025-08-13,Notebook,Eletrônicos,Sudeste,1.0,3500,Cartão de Crédito,CLI-0379,3500.0
2025-08-14,Mouse,Acessórios,Nordeste,4.0,90,Cartão de Débito,CLI-0096,360.0
2025-08-14,Notebook,Eletrônicos,Sudeste,1.0,3500,Pix,CLI-0387,3500.0
2025-08-14,Mochila,Acessórios,Nordeste,2.0,220,Pix,CLI-0030,440.0
2025-08-15,Notebook,Eletrônicos,Sudeste,3.0,3500,Boleto,CLI-0289,10500.0
2025-08-15,Mesa,Móveis,Sudeste,3.0,650,Cartão de Débito,CLI-0215,1950.0
2025-08-16,Mesa,Móveis,Sudeste,4.0,650,Cartão de Débito,CLI-0252,2600.0
2025-08-16,Mesa,Móveis,Sul,1.0,650,Cartão de Crédito,CLI-0202,650.0
2025-08-17,Cadeira,Móveis,Nordeste,2.0,850,Boleto,CLI-0245,1700.0
2025-08-17,Cadeira,Móveis,Sudeste,6.0,850,Boleto,CLI-0292,5100.0
2025-08-17,Teclado,Acessórios,Nordeste,3.0,180,Cartão de Débito,CLI-0345,540.0
2025-08-17,Mochila,Acessórios,Sudeste,3.0,220,Cartão de Crédito,CLI-0322,660.0
2025-08-17,Cadeira,Móveis,Nordeste,3.0,850,Cartão de Crédito,CLI-0007,2550.0
2025-08-19,Notebook,Eletrônicos,Sudeste,2.0,3500,Cartão de Débito,CLI-0215,7000.0
2025-08-19,Notebook,Eletrônicos,Sudeste,,3500,Cartão de Débito,CLI-0369,
2025-08-20,Webcam,Eletrônicos,Sul,3.0,320,Cartão de Débito,CLI-0400,960.0
2025-08-21,Teclado,Acessórios,Centro-Oeste,2.0,180,Boleto,CLI-0147,360.0
2025-08-21,Teclado,Acessórios,Sudeste,2.0,180,Pix,CLI-0392,360.0
2025-08-22,Notebook,Eletrônicos,Nordeste,4.0,3500,Cartão de Débito,CLI-0199,14000.0
2025-08-23,Fone,Eletrônicos,Sudeste,2.0,250,Boleto,CLI-0271,500.0
2025-08-23,Cadeira,Móveis,Sul,5.0,850,Pix,CLI-0335,4250.0
2025-08-24,Monitor,Eletrônicos,Centro-Oeste,1.0,1200,Boleto,CLI-0093,1200.0
2025-08-24,Notebook,Eletrônicos,Nordeste,1.0,3500,Cartão de Crédito,CLI-0325,3500.0
2025-08-24,Mochila,Acessórios,Sudeste,2.0,220,Pix,CLI-0123,440.0
2025-08-25,Webcam,Eletrônicos,Nordeste,3.0,320,Cartão de Débito,CLI-0207,960.0
2025-08-25,Cadeira,Móveis,Sul,1.0,850,Boleto,CLI-0049,850.0
2025-08-25,Headset,Eletrônicos,Sudeste,2.0,280,Cartão de Crédito,CLI-0318,560.0
2025-08-26,Mesa,Móveis,Nordeste,4.0,650,Boleto,CLI-0214,2600.0
2025-08-27,Cadeira,Móveis,Nordeste,1.0,850,Pix,CLI-0328,850.0
2025-08-27,Webcam,Eletrônicos,Sudeste,5.0,320,Cartão de Débito,CLI-0379,1600.0
2025-08-27,Mouse,Acessórios,Centro-Oeste,2.0,90,Boleto,CLI-0305,180.0
2025-08-28,Fone,Eletrônicos,Sudeste,2.0,250,Boleto,CLI-0032,500.0
2025-08-31,Headset,Eletrônicos,Centro-Oeste,1.0,280,Cartão de Crédito,CLI-0135,280.0
2025-08-31,Webcam,Eletrônicos,Norte,2.0,320,Pix,CLI-0108,640.0
2025-09-01,Fone,Eletrônicos,Sudeste,3.0,250,Pix,CLI-0006,750.0
2025-09-03,Mesa,Móveis,Centro-Oeste,4.0,650,Pix,CLI-0333,2600.0
2025-09-04,Headset,Eletrônicos,Norte,1.0,280,Pix,CLI-0070,280.0
2025-09-04,Cadeira,Móveis,Centro-Oeste,4.0,850,Pix,CLI-0282,3400.0
2025-09-04,Notebook,Eletrônicos,Sudeste,1.0,3500,Cartão de Crédito,CLI-0148,3500.0
2025-09-06,Mesa,Móveis,Norte,2.0,650,Pix,CLI-0251,1300.0
2025-09-06,Cadeira,Móveis,Nordeste,4.0,850,Cartão de Débito,CLI-0282,3400.0
2025-09-06,Mochila,Acessórios,Sudeste,3.0,220,Cartão de Crédito,CLI-0376,660.0
2025-09-06,Teclado,Acessórios,Nordeste,1.0,180,Pix,CLI-0128,180.0
2025-09-07,Webcam,Eletrônicos,Centro-Oeste,3.0,320,Pix,CLI-0010,960.0
2025-09-08,Teclado,Acessórios,Centro-Oeste,1.0,180,Cartão de Débito,CLI-0383,180.0
2025-09-08,Mouse,Acessórios,Nordeste,2.0,90,Pix,CLI-0102,180.0
2025-09-09,Notebook,Eletrônicos,Sudeste,2.0,3500,Boleto,CLI-0271,7000.0
2025-09-10,Mochila,Acessórios,Sudeste,2.0,220,Cartão de Crédito,CLI-0053,440.0
2025-09-11,Monitor,Eletrônicos,Nordeste,2.0,1200,Cartão de Débito,CLI-0137,2400.0
2025-09-11,Cadeira,Móveis,Sul,3.0,850,Cartão de Crédito,CLI-0311,2550.0
2025-09-12,Headset,Eletrônicos,Sul,2.0,280,Boleto,CLI-0191,560.0
2025-09-12,Teclado,Acessórios,Sudeste,3.0,180,Pix ,CLI-0071,540.0
2025-09-13,Teclado,Acessórios,Sudeste,1.0,180,Cartão de Crédito,CLI-0139,180.0
2025-09-14,Webcam,Eletrônicos,Sudeste,2.0,320,Cartão de Crédito,CLI-0162,640.0
2025-09-14,Cadeira,Móveis,Centro-Oeste,5.0,850,Cartão de Crédito,CLI-0124,4250.0
2025-09-14,Mochila,Acessórios,Centro-Oeste,1.0,220,Pix,CLI-0382,220.0
2025-09-14,Mouse,Acessórios,Centro-Oeste,1.0,90,Cartão de Crédito,CLI-0237,90.0
2025-09-16,Teclado,Acessórios,Nordeste,3.0,180,Pix,CLI-0083,540.0
2025-09-16,Teclado,Acessórios,Sul,1.0,180,Cartão de Crédito,CLI-0324,180.0
2025-09-16,Cadeira,Móveis,Sudeste,1.0,850,Cartão de Crédito,CLI-0379,850.0
2025-09-17,Headset,Eletrônicos,Sudeste,4.0,280,Pix,CLI-0287,1120.0
2025-09-18,Mouse,Acessórios,Sudeste,2.0,90,Pix,CLI-0271,180.0
2025-09-18,Mochila,Acessórios,Norte,2.0,220,Boleto,CLI-0063,440.0
2025-09-18,Mouse,Acessórios,Sul,1.0,90,Cartão de Débito,CLI-0237,90.0
2025-09-19,Notebook,Eletrônicos,Norte,1.0,3500,Cartão de Crédito,CLI-0183,3500.0
2025-09-20,Fone,Eletrônicos,Sudeste,,250,Cartão de Crédito,CLI-0144,
2025-09-21,Fone,Eletrônicos,Nordeste,3.0,250,Boleto,CLI-0058,750.0
2025-09-21,Notebook,Eletrônicos,Sudeste,4.0,3500,Pix,CLI-0175,14000.0
2025-09-21,Headset,Eletrônicos,Centro-Oeste,2.0,280,Cartão de Crédito,CLI-0193,560.0
2025-09-22,Mochila,Acessórios,Sul,2.0,220,Cartão de Crédito,CLI-0178,440.0
2025-09-23,Teclado,Acessórios,Sudeste,3.0,180,Cartão de Crédito,CLI-0093,540.0
2025-09-24,Teclado,Acessórios,Centro-Oeste,3.0,180,Pix,CLI-0039,540.0
2025-09-24,Mochila,Acessórios,Sul,1.0,220,Cartão de Crédito,CLI-0153,220.0
2025-09-24,Notebook,Eletrônicos,Sudeste,2.0,3500,Pix,CLI-0059,7000.0
2025-09-25,Cadeira,Móveis,Sudeste,1.0,850,Boleto,CLI-0111,850.0
2025-09-25,Notebook,Eletrônicos,Sul,1.0,3500,Cartão de Crédito,CLI-0317,3500.0
2025-09-27,Fone,Eletrônicos,Sudeste,3.0,250,Cartão de Crédito,CLI-0151,750.0
2025-09-30,Fone,Eletrônicos,Sudeste,1.0,250,Cartão de Crédito,CLI-0076,250.0
2025-09-30,Cadeira,Móveis,Nordeste,3.0,850,Cartão de Crédito,CLI-0014,2550.0
2025-09-30,Mesa,Móveis,Norte,1.0,650,Cartão de Crédito,CLI-0054,650.0
2025-10-01,Mouse,Acessórios,Nordeste,2.0,90,Boleto,CLI-0047,180.0
2025-10-04,Teclado,Acessórios,Sudeste,1.0,180,Pix,CLI-0002,180.0
2025-10-04,Fone,Eletrônicos,Norte,1.0,250,Cartão de Crédito,CLI-0168,250.0
2025-10-05,Cadeira,Móveis,Sudeste,2.0,850,Pix,CLI-0045,1700.0
2025-10-07,Teclado,Acessórios,,4.0,180,Cartão de Débito,CLI-0048,720.0
2025-10-08,Mesa,Móveis,Nordeste,3.0,650,Pix,CLI-0173,1950.0
2025-10-08,Mochila,Acessórios,Centro-Oeste,2.0,220,Cartão de Crédito,CLI-0270,440.0
2025-10-09,Mesa,Móveis,Norte,3.0,650,Cartão de Crédito,CLI-0204,1950.0
2025-10-09,Cadeira,Móveis,Norte,2.0,850,Boleto,CLI-0192,1700.0
2025-10-09,Notebook,Eletrônicos,Norte,2.0,3500,Cartão de Crédito,CLI-0363,7000.0
2025-10-09,Teclado,Acessórios,Sudeste,3.0,180,Pix,CLI-0002,540.0
2025-10-10,Teclado,Acessórios,Sudeste,1.0,180,Cartão de Crédito,CLI-0088,180.0
2025-10-12,Teclado,Acessórios,Sudeste,6.0,180,Pix,CLI-0112,1080.0
2025-10-12,Teclado,Acessórios,Norte,4.0,180,Boleto,CLI-0047,720.0
2025-10-12,Cadeira,Móveis,Nordeste,3.0,850,Pix,CLI-0321,2550.0
2025-10-12,Fone,Eletrônicos,Nordeste,3.0,250,Cartão de Crédito,CLI-0003,750.0
2025-10-13,Teclado,Acessórios,Sudeste,4.0,180,Cartão de Crédito,CLI-0127,720.0
2025-10-13,Mesa,Móveis,Sul,1.0,650,Cartão de Débito,CLI-0167,650.0
2025-10-13,Cadeira,Móveis,Sudeste,3.0,850,Pix,CLI-0047,2550.0
2025-10-14,Monitor,Eletrônicos,Sudeste,4.0,1200,Cartão de Crédito,CLI-0049,4800.0
2025-10-14,Notebook,Eletrônicos,Sul,2.0,3500,Pix,CLI-0277,7000.0
2025-10-15,Mesa,Móveis,Nordeste,6.0,650,Cartão de Crédito,CLI-0385,3900.0
2025-10-15,Mesa,Móveis,Nordeste,2.0,650,Pix,CLI-0202,1300.0
2025-10-15,Teclado,Acessórios,Centro-Oeste,2.0,180,Pix,CLI-0245,360.0
2025-10-15,Mochila,Acessórios,Centro-Oeste,1.0,220,Cartão de Débito,CLI-0138,220.0
2025-10-15,Teclado,Acessórios,Norte,3.0,180,Boleto,CLI-0025,540.0
2025-10-16,Mouse,Acessórios,Sudeste,4.0,90,Pix,CLI-0295,360.0
2025-10-16,Mouse,Acessórios,Sudeste,3.0,9,Cartão de Crédito,CLI-0291,27.0
2025-10-16,Monitor,Eletrônicos,Sudeste,2.0,1200,Pix,CLI-0037,2400.0
2025-10-18,Headset,Eletrônicos,Centro-Oeste,2.0,280,Boleto,CLI-0241,560.0
2025-10-18,Teclado,Acessórios,Norte,2.0,180,Cartão de Crédito,CLI-0063,360.0
2025-10-18,Cadeira,Móveis,Sudeste,2.0,850,Pix,CLI-0317,1700.0
2025-10-19,Webcam,Eletrônicos,Nordeste,4.0,320,Cartão de Crédito,CLI-0328,1280.0
2025-10-19,Monitor,Eletrônicos,Sudeste,2.0,1200,Pix,CLI-0211,2400.0
2025-10-20,Mesa,Móveis,Nordeste,2.0,650,Cartão de Crédito,CLI-0387,1300.0
2025-10-20,Teclado,Acessórios,Sudeste,6.0,180,Pix,CLI-0283,1080.0
2025-10-20,Monitor,Eletrônicos,Sul,2.0,1200,Pix,CLI-0007,2400.0
2025-10-20,Webcam,Eletrônicos,Sudeste,4.0,320,Cartão de Crédito,CLI-0339,1280.0
2025-10-21,Notebook,Eletrônicos,Nordeste,3.0,3500,Pix,CLI-0167,10500.0
2025-10-21,Notebook,Eletrônicos,Sudeste,4.0,3500,Cartão de Crédito,CLI-0230,14000.0
2025-10-21,Mouse,Acessórios,Nordeste,4.0,90,Pix,CLI-0150,360.0
2025-10-21,Monitor,Eletrônicos,Sul,4.0,1200,Cartão de Crédito,CLI-0379,4800.0
2025-10-22,Headset,Eletrônicos,Sudeste,3.0,280,Cartão de Crédito,CLI-0390,840.0
2025-10-22,Fone,Eletrônicos,Nordeste,4.0,250,Cartão de Crédito,CLI-0338,1000.0
2025-10-23,Headset,Eletrônicos,Nordeste,2.0,280,Pix,CLI-0378,560.0
2025-10-23,Teclado,Acessórios,Sudeste,4.0,180,Cartão de Crédito,CLI-0331,720.0
2025-10-23,Mouse,Acessórios,Sudeste,4.0,90,Cartão de Débito,CLI-0043,360.0
2025-10-23,Mesa,Móveis,Sul,3.0,650,Pix,CLI-0071,1950.0
2025-10-24,Headset,Eletrônicos,Sudeste,1.0,280,Pix,CLI-0052,280.0
2025-10-26,Fone,Eletrônicos,Sul,1.0,250,Pix,CLI-0310,250.0
2025-10-27,Notebook,Eletrônicos,Sul,1.0,3500,Pix,CLI-0248,3500.0
2025-10-27,Mouse,Acessórios,Centro-Oeste,3.0,90,Boleto,CLI-0154,270.0
2025-10-28,Headset,Eletrônicos,Nordeste,,280,Cartão de Crédito,CLI-0095,
2025-10-29,Notebook,Eletrônicos,Sudeste,2.0,3500,Cartão de Crédito,CLI-0202,7000.0
2025-10-29,Notebook,Eletrônicos,Nordeste,4.0,3500,Cartão de Crédito,CLI-0311,14000.0
2025-10-29,Monitor,Eletrônicos,Centro-Oeste,1.0,1200,Cartão de Crédito,CLI-0253,1200.0
2025-10-30,Headset,Eletrônicos,Sudeste,5.0,280,Pix,CLI-0341,1400.0
2025-10-30,Notebook,Eletrônicos,Nordeste,1.0,350,Cartão de Crédito,CLI-0364,350.0
2025-10-30,Webcam,Eletrônicos,Sul,5.0,320,Cartão de Crédito,CLI-0217,1600.0
2025-10-30,Notebook,Eletrônicos,Sudeste,2.0,3500,Pix,CLI-0283,7000.0
2025-10-30,Headset,Eletrônicos,Sudeste,1.0,280,Cartão de Crédito,CLI-0114,280.0
2025-11-01,Notebook,Eletrônicos,Sul,2.0,3500,Pix,CLI-0246,7000.0
2025-11-01,Teclado,Acessórios,Nordeste,3.0,180,Cartão de Débito,CLI-0367,540.0
2025-11-02,Fone,Eletrônicos,Sul,4.0,250,Pix,CLI-0198,1000.0
2025-11-02,Mochila,Acessórios,Sudeste,2.0,220,Pix,CLI-0048,440.0
2025-11-03,Headset,Eletrônicos,Nordeste,,280,Cartão de Crédito,CLI-0209,
2025-11-04,Mouse,Acessórios,Sudeste,3.0,90,Pix,CLI-0081,270.0
2025-11-05,Mochila,Acessórios,Norte,1.0,220,Cartão de Crédito,CLI-0358,220.0
2025-11-05,Notebook,Eletrônicos,Nordeste,6.0,3500,Cartão de Crédito,CLI-0048,21000.0
2025-11-05,Headset,Eletrônicos,Nordeste,2.0,280,Cartão de Crédito,CLI-0314,560.0
2025-11-06,Notebook,Eletrônicos,Sudeste,1.0,3500,Cartão de Crédito,CLI-0387,3500.0
2025-11-06,Cadeira,Móveis,Nordeste,1.0,850,Pix,CLI-0318,850.0
2025-11-07,Cadeira,Móveis,Sudeste,2.0,850,Cartão de Crédito,CLI-0357,1700.0
2025-11-07,Notebook,Eletrônicos,Sudeste,2.0,3500,Cartão de Crédito,CLI-0117,7000.0
2025-11-07,Monitor,Eletrônicos,Norte,2.0,1200,Boleto,CLI-0020,2400.0
2025-11-08,Notebook,Eletrônicos,Sudeste,2.0,3500,Boleto,CLI-0318,7000.0
2025-11-09,Webcam,Eletrônicos,Sudeste,2.0,320,Pix,CLI-0241,640.0
2025-11-09,Headset,Eletrônicos,Nordeste,3.0,280,Boleto,CLI-0256,840.0
2025-11-09,Headset,Eletrônicos,Sudeste,5.0,280,Pix,CLI-0097,1400.0
2025-11-09,Headset,Eletrônicos,Nordeste,3.0,280,Boleto,CLI-0344,840.0
2025-11-09,Mesa,Móveis,Sudeste,3.0,650,Cartão de Crédito,CLI-0389,1950.0
2025-11-11,Webcam,Eletrônicos,Sul,1.0,320,Boleto,CLI-0266,320.0
2025-11-12,Cadeira,Móveis,Sudeste,5.0,850,Cartão de Débito,CLI-0291,4250.0
2025-11-12,Notebook,Eletrônicos,Sul,1.0,3500,Boleto,CLI-0111,3500.0
2025-11-13,Mesa,Móveis,Sudeste,6.0,650,Cartão de Débito,CLI-0336,3900.0
2025-11-14,Webcam,Eletrônicos,Sul,3.0,320,Pix,CLI-0295,960.0
2025-11-14,Fone,Eletrônicos,Sudeste,3.0,250,Pix,CLI-0132,750.0
2025-11-14,Cadeira,Móveis,Sudeste,2.0,850,Cartão de Crédito,CLI-0206,1700.0
2025-11-15,Mouse,Acessórios,Nordeste,3.0,90,Pix,CLI-0110,270.0
2025-11-15,Teclado,Acessórios,Sul,1.0,180,Cartão de Crédito,CLI-0195,180.0
2025-11-15,Mochila,Acessórios,Norte,2.0,220,Pix,CLI-0114,440.0
2025-11-15,Notebook,Eletrônicos,Sudeste,2.0,3500,Pix,CLI-0330,7000.0
2025-11-16,Teclado,Acessórios,Nordeste,6.0,180,Pix,CLI-0377,1080.0
2025-11-16,Teclado,Acessórios,Centro-Oeste,3.0,180,Pix,CLI-0301,540.0
2025-11-16,Mesa,Móveis,Nordeste,2.0,650,Cartão de Crédito,CLI-0071,1300.0
2025-11-16,Notebook,Eletrônicos,Norte,2.0,3500,Cartão de Crédito,CLI-0170,7000.0
2025-11-17,Teclado,Acessórios,Norte,2.0,180,Cartão de Débito,CLI-0128,360.0
2025-11-17,Teclado,Acessórios,Sudeste,1.0,180,Cartão de Crédito,CLI-0145,180.0
2025-11-18,Headset,Eletrônicos,Sul,1.0,280,Boleto,CLI-0134,280.0
2025-11-18,Teclado,Acessórios,Nordeste,4.0,180,Boleto,CLI-0187,720.0
2025-11-19,Cadeira,Móveis,Centro-Oeste,1.0,850,Boleto,CLI-0017,850.0
2025-11-20,Notebook,Eletrônicos,Nordeste,5.0,3500,Boleto,CLI-0315,17500.0
2025-11-20,Mouse,Acessórios,Centro-Oeste,1.0,90,Pix,CLI-0186,90.0
2025-11-20,Teclado,Acessórios,Sul,1.0,180,Pix,CLI-0196,180.0
2025-11-22,Mesa,Móveis,Sudeste,2.0,650,Cartão de Crédito,CLI-0309,1300.0
2025-11-22,Notebook,Eletrônicos,Sudeste,4.0,3500,Pix,CLI-0182,14000.0
2025-11-22,Notebook,Eletrônicos,Sul,3.0,3500,Cartão de Débito,CLI-0013,10500.0
2025-11-23,Mouse,Acessórios,Nordeste,4.0,90,Cartão de Débito,CLI-0115,360.0
2025-11-24,Webcam,Eletrônicos,Centro-Oeste,1.0,320,Boleto,CLI-0269,320.0
2025-11-24,Mesa,Móveis,Centro-Oeste,4.0,650,Pix,CLI-0168,2600.0
2025-11-24,Fone,Eletrônicos,Nordeste,1.0,250,Pix,CLI-0016,250.0
2025-11-24,Cadeira,Móveis,Nordeste,1.0,850,Pix,CLI-0312,850.0
2025-11-25,Teclado,Acessórios,Nordeste,3.0,180,Pix,CLI-0283,540.0
2025-11-26,Cadeira,Móveis,,2.0,850,Pix,CLI-0049,1700.0
2025-11-26,Headset,Eletrônicos,Nordeste,5.0,280,Boleto,CLI-0363,1400.0
2025-11-26,Mochila,Acessórios,Sudeste,3.0,220,Pix,CLI-0380,660.0
2025-11-26,Headset,Eletrônicos,Sul,2.0,280,Cartão de Débito,CLI-0003,560.0
2025-11-27,Mouse,Acessórios,Sudeste,3.0,90,Boleto,CLI-0154,270.0
2025-11-28,Teclado,Acessórios,Sul,3.0,180,Cartão de Débito,CLI-0185,540.0
2025-11-29,Mesa,Móveis,Nordeste,4.0,650,Cartão de Débito,CLI-0164,2600.0
2025-11-30,Cadeira,Móveis,Nordeste,5.0,850,Cartão de Crédito,CLI-0379,4250.0
2025-12-01,Mesa,Móveis,,2.0,650,Pix,CLI-0126,1300.0
2025-12-01,Headset,Eletrônicos,Nordeste,3.0,280,Cartão de Crédito,CLI-0073,840.0
2025-12-01,Webcam,Eletrônicos,Centro-Oeste,2.0,320,Cartão de Crédito,CLI-0059,640.0
2025-12-01,Monitor,Eletrônicos,Norte,4.0,1200,Cartão de Débito,CLI-0073,4800.0
2025-12-02,Teclado,Acessórios,Centro-Oeste,3.0,180,Cartão de Crédito,CLI-0043,540.0
2025-12-03,Headset,Eletrônicos,Nordeste,2.0,280,Boleto,CLI-0108,560.0
2025-12-03,Monitor,Eletrônicos,Sul,1.0,1200,Pix,CLI-0179,1200.0
2025-12-04,Monitor,Eletrônicos,Centro-Oeste,2.0,1200,Boleto,CLI-0378,2400.0
2025-12-05,Mochila,Acessórios,Sul,2.0,220,Cartão de Crédito,CLI-0299,440.0
2025-12-06,Headset,Eletrônicos,Sul,2.0,280,Boleto,CLI-0368,560.0
2025-12-07,Mesa,Móveis,Nordeste,2.0,650,Boleto,CLI-0040,1300.0
2025-12-07,Monitor,Eletrônicos,Sul,4.0,1200,Pix,CLI-0081,4800.0
2025-12-08,Mouse,Acessórios,Sul,3.0,90,Cartão de Crédito,CLI-0209,270.0
2025-12-08,Teclado,Acessórios,Nordeste,4.0,180,Boleto,CLI-0146,720.0
2025-12-08,Headset,Eletrônicos,Sudeste,4.0,280,Pix,CLI-0386,1120.0
2025-12-10,Monitor,Eletrônicos,Sul,4.0,1200,Pix,CLI-0160,4800.0
2025-12-12,Mochila,Acessórios,Nordeste,2.0,220,Pix,CLI-0032,440.0
2025-12-12,Headset,Eletrônicos,Sudeste,1.0,280,Cartão de Crédito,CLI-0133,280.0
2025-12-12,Cadeira,Móveis,Sul,1.0,850,Pix,CLI-0080,850.0
2025-12-13,Monitor,Eletrônicos,Sudeste,1.0,1200,Pix,CLI-0261,1200.0
2025-12-13,Headset,Eletrônicos,Nordeste,1.0,280,Cartão de Crédito,CLI-0313,280.0
2025-12-14,Notebook,Eletrônicos,Centro-Oeste,1.0,3500,Pix,CLI-0162,3500.0
2025-12-15,Mochila,Acessórios,Nordeste,1.0,220,Cartão de Débito,CLI-0317,220.0
2025-12-15,Cadeira,Móveis,Norte,3.0,850,Pix,CLI-0212,2550.0
2025-12-16,Notebook,Eletrônicos,Nordeste,4.0,3500,Cartão de Crédito,CLI-0219,14000.0
2025-12-16,Mochila,Acessórios,Sudeste,3.0,220,Cartão de Crédito,CLI-0206,660.0
2025-12-16,Mochila,Acessórios,Nordeste,3.0,220,Boleto,CLI-0022,660.0
2025-12-17,Teclado,Acessórios,Nordeste,3.0,180,Cartão de Crédito,CLI-0206,540.0
2025-12-18,Webcam,Eletrônicos,Sudeste,6.0,320,Pix,CLI-0189,1920.0
2025-12-19,Monitor,Eletrônicos,Sudeste,3.0,1200,Cartão de Crédito,CLI-0127,3600.0
2025-12-19,Headset,Eletrônicos,Nordeste,1.0,280,Pix,CLI-0123,280.0
2025-12-21,Headset,Eletrônicos,Nordeste,2.0,280,Cartão de Crédito,CLI-0126,560.0
2025-12-21,Headset,Eletrônicos,Nordeste,5.0,280,Boleto,CLI-0232,1400.0
2025-12-22,Mochila,Acessórios,Sul,1.0,220,Cartão de Crédito,CLI-0062,220.0
2025-12-22,Monitor,Eletrônicos,Sul,3.0,1200,Cartão de Crédito,CLI-0137,3600.0
2025-12-22,Mochila,Acessórios,Nordeste,2.0,220,,CLI-0129,440.0
2025-12-24,Fone,Eletrônicos,Norte,2.0,250,Cartão de Crédito,CLI-0382,500.0
2025-12-25,Headset,Eletrônicos,Nordeste,5.0,280,Cartão de Crédito,CLI-0082,1400.0
2025-12-25,Mouse,Acessórios,Sul,5.0,90,Cartão de Débito,CLI-0141,450.0
2025-12-26,Cadeira,Móveis,Centro-Oeste,3.0,850,Boleto,CLI-0242,2550.0
2025-12-26,Monitor,Eletrônicos,Centro-Oeste,2.0,1200,Pix,CLI-0122,2400.0
2025-12-26,Cadeira,Móveis,Sul,1.0,850,Cartão de Crédito,CLI-0314,850.0
2025-12-27,Monitor,Eletrônicos,Nordeste,1.0,1200,Boleto,CLI-0094,1200.0
2025-12-27,Webcam,Eletrônicos,Sudeste,2.0,320,Cartão de Débito,CLI-0369,640.0
2025-12-28,Mouse,Acessórios,Sudeste,5.0,90,Pix,CLI-0235,450.0
2025-12-29,Fone,Eletrônicos,Sudeste,1.0,250,,CLI-0197,250.0
2025-12-29,Monitor,Eletrônicos,Nordeste,2.0,1200,Pix,CLI-0348,2400.0
2025-12-29,Webcam,Eletrônicos,Nordeste,5.0,320,Cartão de Débito,CLI-0295,1600.0
2025-12-30,Notebook,Eletrônicos,Nordeste,1.0,3500,Boleto,CLI-0313,3500.0
2025-12-30,Mochila,Acessórios,Sudeste,3.0,220,Pix,CLI-0384,660.0
2025-12-31,Mesa,Móveis,Sudeste,3.0,650,Boleto,CLI-0098,1950.0
2025-12-31,Mesa,Móveis,Nordeste,2.0,650,Pix,CLI-0107,1300.0
,Cadeira,Móveis,Sudeste,5.0,850,Pix,CLI-0272,4250.0
,Notebook,Eletrônicos,Sudeste,2.0,3500,Cartão de Crédito,CLI-0059,7000.0
,Mesa,Móveis,Sul,4.0,650,Pix,CLI-0118,2600.0
,Fone,Eletrônicos,Nordeste,1.0,250,Pix,CLI-0150,250.0
,Teclado,Acessórios,Sul,1.0,180,Cartão de Crédito,CLI-0061,180.0
,Mouse,Acessórios,Sudeste,2.0,90,Boleto,CLI-0295,180.0
